study_id,year,model,learning_regime,dataset_variant,split_or_protocol,accuracy_pct,balanced_accuracy_pct,auc_roc,f1_pct,precision_pct,recall_pct,specificity_pct,nll,comparability,verification,notes,accuracy_sd,auc_sd,protocol_family,study_title,source_url,evidence_locator
veeling2018,2018,G-DenseNet D4,supervised scratch,official PCam,262144/32768/32768; WSI-disjoint,89.8,89.8,0.963,,,,,0.260,high,primary paper and official repository,Original canonical benchmark; Review scope: model fitted/adapted and evaluated on PCam.,,,official_pcam,Rotation Equivariant CNNs for Digital Pathology,https://arxiv.org/abs/1806.03962,paper and official PCam repository benchmark table
kassani2019,2019,VGG19+MobileNetV2+DenseNet201 features + MLP,transfer ensemble,modified PCam/Kaggle,authors' modified split,94.64,94.64,,95.50,95.70,95.27,,,low,primary paper,Not directly comparable with official split; Review scope: model fitted/adapted and evaluated on PCam.,,,modified_pcam_kaggle,Classification of Histopathological Biopsy Images Using Ensemble of Deep Learning Networks,https://arxiv.org/abs/1909.11870,Tables 2–4
kassani2019_vgg,2019,VGG19,transfer learning,modified PCam/Kaggle,authors' modified split,90.84,90.84,,,,,,,low,primary paper,Single-model baseline; Review scope: model fitted/adapted and evaluated on PCam.,,,modified_pcam_kaggle,Classification of Histopathological Biopsy Images Using Ensemble of Deep Learning Networks,https://arxiv.org/abs/1909.11870,Tables 2–4
kassani2019_mobilenet,2019,MobileNetV2,transfer learning,modified PCam/Kaggle,authors' modified split,89.09,89.09,,,,,,,low,primary paper,Single-model baseline; Review scope: model fitted/adapted and evaluated on PCam.,,,modified_pcam_kaggle,Classification of Histopathological Biopsy Images Using Ensemble of Deep Learning Networks,https://arxiv.org/abs/1909.11870,Tables 2–4
kassani2019_dense,2019,DenseNet201,transfer learning,modified PCam/Kaggle,authors' modified split,87.84,87.84,,,,,,,low,primary paper,Single-model baseline; Review scope: model fitted/adapted and evaluated on PCam.,,,modified_pcam_kaggle,Classification of Histopathological Biopsy Images Using Ensemble of Deep Learning Networks,https://arxiv.org/abs/1909.11870,Tables 2–4
kandel2020,2020,15-layer CNN Adam,supervised scratch,PCam/Kaggle,220k train; 57k Kaggle test,,,0.9546,,,,,,low,primary paper,AUC reported by Kaggle; Review scope: model fitted/adapted and evaluated on PCam.,,,kaggle_hidden_test,A Novel Architecture to Classify Histopathology Images Using Convolutional Neural Networks,https://doi.org/10.3390/app10082929,Kaggle test AUC reported in results section
kandel2020_rmsprop,2020,15-layer CNN RMSProp,supervised scratch,PCam/Kaggle,220k train; 57k Kaggle test,,,0.9486,,,,,,low,primary paper,Review scope: model fitted/adapted and evaluated on PCam.,,,kaggle_hidden_test,A Novel Architecture to Classify Histopathology Images Using Convolutional Neural Networks,https://doi.org/10.3390/app10082929,Kaggle test AUC reported in results section
yu2021_ssl1,2021,InceptionV3 mean teacher,semi-supervised 1% labels,official PCam,test 32768; 8 runs,,,0.947,,,,,,high,primary paper,SD=0.008; Review scope: model fitted/adapted and evaluated on PCam.,,,official_pcam_restricted_labels,Accurate Recognition of Colorectal Cancer with Semi-Supervised Deep Learning on Pathological Images,https://doi.org/10.1038/s41467-021-26643-8,Figure 6
yu2021_sl1,2021,InceptionV3,supervised 1% labels,official PCam,test 32768; 8 runs,,,0.912,,,,,,high,primary paper,SD=0.008; Review scope: model fitted/adapted and evaluated on PCam.,,,official_pcam_restricted_labels,Accurate Recognition of Colorectal Cancer with Semi-Supervised Deep Learning on Pathological Images,https://doi.org/10.1038/s41467-021-26643-8,Figure 6
yu2021_ssl5,2021,InceptionV3 mean teacher,semi-supervised 5% labels,official PCam,test 32768; 8 runs,,,0.960,,,,,,high,primary paper,SD=0.002; Review scope: model fitted/adapted and evaluated on PCam.,,,official_pcam_restricted_labels,Accurate Recognition of Colorectal Cancer with Semi-Supervised Deep Learning on Pathological Images,https://doi.org/10.1038/s41467-021-26643-8,Figure 6
yu2021_sl5,2021,InceptionV3,supervised 5% labels,official PCam,test 32768; 8 runs,,,0.943,,,,,,high,primary paper,SD=0.009; Review scope: model fitted/adapted and evaluated on PCam.,,,official_pcam_restricted_labels,Accurate Recognition of Colorectal Cancer with Semi-Supervised Deep Learning on Pathological Images,https://doi.org/10.1038/s41467-021-26643-8,Figure 6
yu2021_sl100,2021,InceptionV3,supervised 100% labels,official PCam,test 32768; 8 runs,,,0.961,,,,,,high,primary paper,SD=0.004; Review scope: model fitted/adapted and evaluated on PCam.,,,official_pcam_restricted_labels,Accurate Recognition of Colorectal Cancer with Semi-Supervised Deep Learning on Pathological Images,https://doi.org/10.1038/s41467-021-26643-8,Figure 6
romero2022_t2,2022,conventional T(2) CNN,supervised scratch,official PCam,official splits,67.59,67.59,,,,,,,high,primary supplement,Review scope: model fitted/adapted and evaluated on PCam.,,,official_pcam,Learning Partial Equivariances from Data,https://proceedings.neurips.cc/paper_files/paper/2022/hash/ec51d1fe4bbb754577da5e18eb54e6d1-Abstract-Conference.html,"supplementary material, PCam experiment table"
romero2022_se2full8,2022,SE(2)-G-CNN 8 full,supervised scratch,official PCam,official splits,89.87,89.87,,,,,,,high,primary supplement,Review scope: model fitted/adapted and evaluated on PCam.,,,official_pcam,Learning Partial Equivariances from Data,https://proceedings.neurips.cc/paper_files/paper/2022/hash/ec51d1fe4bbb754577da5e18eb54e6d1-Abstract-Conference.html,"supplementary material, PCam experiment table"
romero2022_se2partial16,2022,partial SE(2)-G-CNN 16,supervised scratch,official PCam,official splits,90.31,90.31,,,,,,,high,primary supplement,Approximately 460k parameters; Review scope: model fitted/adapted and evaluated on PCam.,,,official_pcam,Learning Partial Equivariances from Data,https://proceedings.neurips.cc/paper_files/paper/2022/hash/ec51d1fe4bbb754577da5e18eb54e6d1-Abstract-Conference.html,"supplementary material, PCam experiment table"
wang2023_lgvit,2023,LGViT,supervised,PCam,authors' protocol,91.8,91.8,,,,,,,medium,primary metadata plus indexed comparison,Protocol needs reproduction check; Review scope: model fitted/adapted and evaluated on PCam.,,,authors_custom_pcam_protocol,LGViT: Local-Global Vision Transformer for Breast Cancer Histopathological Image Classification,https://doi.org/10.1109/ICASSP49357.2023.10096781,paper result table; full text not legally accessible in review
ge2024_mmsen,2024,MMSEN,supervised ensemble,PCam,5-fold cross-validation,,98.00,0.9901,98.00,,,,,low,primary article,AUC SD=0.0002; BAcc/F1 SD=0.08 pp; MCC=96.00±0.16%; Review scope: model fitted/adapted and evaluated on PCam.,,,five_fold_cross_validation,Tumor Detection in Breast Cancer Pathology Patches Using a Multi-scale Multi-head Self-attention Ensemble Network on Whole Slide Images,https://doi.org/10.1016/j.mlwa.2024.100592,primary article result table
wang2024_resnet18_clean,2024,ResNet18,supervised clean labels,PCam,label-noise experiment,94.14,94.14,,,,,,,separate,primary paper,Review scope: model fitted/adapted and evaluated on PCam.,,,custom_subset_32766_8_1_1,Contrastive Learning Joint Regularization for Pathological Image Classification with Noisy Labels,https://doi.org/10.3390/electronics13132456,Table 4
wang2024_resnet34_clean,2024,ResNet34,supervised clean labels,PCam,label-noise experiment,94.72,94.72,,,,,,,separate,primary paper,Review scope: model fitted/adapted and evaluated on PCam.,,,custom_subset_32766_8_1_1,Contrastive Learning Joint Regularization for Pathological Image Classification with Noisy Labels,https://doi.org/10.3390/electronics13132456,Table 4
wang2024_resnet50_clean,2024,ResNet50,supervised clean labels,PCam,label-noise experiment,94.17,94.17,,,,,,,separate,primary paper,Review scope: model fitted/adapted and evaluated on PCam.,,,custom_subset_32766_8_1_1,Contrastive Learning Joint Regularization for Pathological Image Classification with Noisy Labels,https://doi.org/10.3390/electronics13132456,Table 4
wang2024_densenet121_clean,2024,DenseNet121,supervised clean labels,PCam,label-noise experiment,94.69,94.69,,,,,,,separate,primary paper,Review scope: model fitted/adapted and evaluated on PCam.,,,custom_subset_32766_8_1_1,Contrastive Learning Joint Regularization for Pathological Image Classification with Noisy Labels,https://doi.org/10.3390/electronics13132456,Table 4
wang2024_densenet161_clean,2024,DenseNet161,supervised clean labels,PCam,label-noise experiment,95.27,95.27,,,,,,,separate,primary paper,Review scope: model fitted/adapted and evaluated on PCam.,,,custom_subset_32766_8_1_1,Contrastive Learning Joint Regularization for Pathological Image Classification with Noisy Labels,https://doi.org/10.3390/electronics13132456,Table 4
stacke2022_supervised_from_scratch_10,2022,ResNet-50 — Supervised from scratch,supervised scratch,PatchCamelyon20x; 256x256; same coordinates and WSI split as PCam,10 labeled training WSIs; validation 54 WSIs; test 129 WSIs; five runs,73.3,,0.805,,,,,,restricted-label,"primary paper full text, Table 6",Not pixel-identical to official PCam: resampled at 20x/0.5 µm per pixel.,4.8,0.055,pcam20x_resampled,Learning Representations with Contrastive Self-Supervised Learning for Histopathology Applications,https://doi.org/10.59275/j.melba.2022-f9a1,Table 6
stacke2022_supervised_from_scratch_20,2022,ResNet-50 — Supervised from scratch,supervised scratch,PatchCamelyon20x; 256x256; same coordinates and WSI split as PCam,20 labeled training WSIs; validation 54 WSIs; test 129 WSIs; five runs,77.8,,0.855,,,,,,restricted-label,"primary paper full text, Table 6",Not pixel-identical to official PCam: resampled at 20x/0.5 µm per pixel.,2.3,0.027,pcam20x_resampled,Learning Representations with Contrastive Self-Supervised Learning for Histopathology Applications,https://doi.org/10.59275/j.melba.2022-f9a1,Table 6
stacke2022_supervised_from_scratch_50,2022,ResNet-50 — Supervised from scratch,supervised scratch,PatchCamelyon20x; 256x256; same coordinates and WSI split as PCam,50 labeled training WSIs; validation 54 WSIs; test 129 WSIs; five runs,82.5,,0.9,,,,,,restricted-label,"primary paper full text, Table 6",Not pixel-identical to official PCam: resampled at 20x/0.5 µm per pixel.,0.9,0.01,pcam20x_resampled,Learning Representations with Contrastive Self-Supervised Learning for Histopathology Applications,https://doi.org/10.59275/j.melba.2022-f9a1,Table 6
stacke2022_supervised_from_scratch_100,2022,ResNet-50 — Supervised from scratch,supervised scratch,PatchCamelyon20x; 256x256; same coordinates and WSI split as PCam,100 labeled training WSIs; validation 54 WSIs; test 129 WSIs; five runs,89.3,,0.96,,,,,,restricted-label,"primary paper full text, Table 6",Not pixel-identical to official PCam: resampled at 20x/0.5 µm per pixel.,1.7,0.009,pcam20x_resampled,Learning Representations with Contrastive Self-Supervised Learning for Histopathology Applications,https://doi.org/10.59275/j.melba.2022-f9a1,Table 6
stacke2022_supervised_from_scratch_216,2022,ResNet-50 — Supervised from scratch,supervised scratch,PatchCamelyon20x; 256x256; same coordinates and WSI split as PCam,216 labeled training WSIs; validation 54 WSIs; test 129 WSIs; five runs,93.1,,0.979,,,,,,medium,"primary paper full text, Table 6",Not pixel-identical to official PCam: resampled at 20x/0.5 µm per pixel.,0.2,0.001,pcam20x_resampled,Learning Representations with Contrastive Self-Supervised Learning for Histopathology Applications,https://doi.org/10.59275/j.melba.2022-f9a1,Table 6
stacke2022_imagenet_supervised_10,2022,ResNet-50 — ImageNet supervised,ImageNet transfer; linear downstream classifier,PatchCamelyon20x; 256x256; same coordinates and WSI split as PCam,10 labeled training WSIs; validation 54 WSIs; test 129 WSIs; five runs,74.9,,0.838,,,,,,restricted-label,"primary paper full text, Table 6",Not pixel-identical to official PCam: resampled at 20x/0.5 µm per pixel.,4.9,0.046,pcam20x_resampled,Learning Representations with Contrastive Self-Supervised Learning for Histopathology Applications,https://doi.org/10.59275/j.melba.2022-f9a1,Table 6
stacke2022_imagenet_supervised_20,2022,ResNet-50 — ImageNet supervised,ImageNet transfer; linear downstream classifier,PatchCamelyon20x; 256x256; same coordinates and WSI split as PCam,20 labeled training WSIs; validation 54 WSIs; test 129 WSIs; five runs,80.5,,0.887,,,,,,restricted-label,"primary paper full text, Table 6",Not pixel-identical to official PCam: resampled at 20x/0.5 µm per pixel.,3.1,0.024,pcam20x_resampled,Learning Representations with Contrastive Self-Supervised Learning for Histopathology Applications,https://doi.org/10.59275/j.melba.2022-f9a1,Table 6
stacke2022_imagenet_supervised_50,2022,ResNet-50 — ImageNet supervised,ImageNet transfer; linear downstream classifier,PatchCamelyon20x; 256x256; same coordinates and WSI split as PCam,50 labeled training WSIs; validation 54 WSIs; test 129 WSIs; five runs,84.2,,0.918,,,,,,restricted-label,"primary paper full text, Table 6",Not pixel-identical to official PCam: resampled at 20x/0.5 µm per pixel.,0.5,0.004,pcam20x_resampled,Learning Representations with Contrastive Self-Supervised Learning for Histopathology Applications,https://doi.org/10.59275/j.melba.2022-f9a1,Table 6
stacke2022_imagenet_supervised_100,2022,ResNet-50 — ImageNet supervised,ImageNet transfer; linear downstream classifier,PatchCamelyon20x; 256x256; same coordinates and WSI split as PCam,100 labeled training WSIs; validation 54 WSIs; test 129 WSIs; five runs,85.6,,0.928,,,,,,restricted-label,"primary paper full text, Table 6",Not pixel-identical to official PCam: resampled at 20x/0.5 µm per pixel.,0.4,0.002,pcam20x_resampled,Learning Representations with Contrastive Self-Supervised Learning for Histopathology Applications,https://doi.org/10.59275/j.melba.2022-f9a1,Table 6
stacke2022_imagenet_supervised_216,2022,ResNet-50 — ImageNet supervised,ImageNet transfer; linear downstream classifier,PatchCamelyon20x; 256x256; same coordinates and WSI split as PCam,216 labeled training WSIs; validation 54 WSIs; test 129 WSIs; five runs,86.1,,0.935,,,,,,medium,"primary paper full text, Table 6",Not pixel-identical to official PCam: resampled at 20x/0.5 µm per pixel.,0.1,0.0,pcam20x_resampled,Learning Representations with Contrastive Self-Supervised Learning for Histopathology Applications,https://doi.org/10.59275/j.melba.2022-f9a1,Table 6
stacke2022_simclr_breast_original_10,2022,"ResNet-50 — SimCLR Breast, Original",in-domain SimCLR; linear downstream classifier,PatchCamelyon20x; 256x256; same coordinates and WSI split as PCam,10 labeled training WSIs; validation 54 WSIs; test 129 WSIs; five runs,76.7,,0.83,,,,,,restricted-label,"primary paper full text, Table 6",Not pixel-identical to official PCam: resampled at 20x/0.5 µm per pixel.,3.9,0.072,pcam20x_resampled,Learning Representations with Contrastive Self-Supervised Learning for Histopathology Applications,https://doi.org/10.59275/j.melba.2022-f9a1,Table 6
stacke2022_simclr_breast_original_20,2022,"ResNet-50 — SimCLR Breast, Original",in-domain SimCLR; linear downstream classifier,PatchCamelyon20x; 256x256; same coordinates and WSI split as PCam,20 labeled training WSIs; validation 54 WSIs; test 129 WSIs; five runs,77.8,,0.865,,,,,,restricted-label,"primary paper full text, Table 6",Not pixel-identical to official PCam: resampled at 20x/0.5 µm per pixel.,2.7,0.057,pcam20x_resampled,Learning Representations with Contrastive Self-Supervised Learning for Histopathology Applications,https://doi.org/10.59275/j.melba.2022-f9a1,Table 6
stacke2022_simclr_breast_original_50,2022,"ResNet-50 — SimCLR Breast, Original",in-domain SimCLR; linear downstream classifier,PatchCamelyon20x; 256x256; same coordinates and WSI split as PCam,50 labeled training WSIs; validation 54 WSIs; test 129 WSIs; five runs,83.4,,0.92,,,,,,restricted-label,"primary paper full text, Table 6",Not pixel-identical to official PCam: resampled at 20x/0.5 µm per pixel.,2.6,0.032,pcam20x_resampled,Learning Representations with Contrastive Self-Supervised Learning for Histopathology Applications,https://doi.org/10.59275/j.melba.2022-f9a1,Table 6
stacke2022_simclr_breast_original_100,2022,"ResNet-50 — SimCLR Breast, Original",in-domain SimCLR; linear downstream classifier,PatchCamelyon20x; 256x256; same coordinates and WSI split as PCam,100 labeled training WSIs; validation 54 WSIs; test 129 WSIs; five runs,86.5,,0.947,,,,,,restricted-label,"primary paper full text, Table 6",Not pixel-identical to official PCam: resampled at 20x/0.5 µm per pixel.,0.5,0.008,pcam20x_resampled,Learning Representations with Contrastive Self-Supervised Learning for Histopathology Applications,https://doi.org/10.59275/j.melba.2022-f9a1,Table 6
stacke2022_simclr_breast_original_216,2022,"ResNet-50 — SimCLR Breast, Original",in-domain SimCLR; linear downstream classifier,PatchCamelyon20x; 256x256; same coordinates and WSI split as PCam,216 labeled training WSIs; validation 54 WSIs; test 129 WSIs; five runs,88.7,,0.957,,,,,,medium,"primary paper full text, Table 6",Not pixel-identical to official PCam: resampled at 20x/0.5 µm per pixel.,0.3,0.001,pcam20x_resampled,Learning Representations with Contrastive Self-Supervised Learning for Histopathology Applications,https://doi.org/10.59275/j.melba.2022-f9a1,Table 6
stacke2022_simclr_breast_base_plus_scale_10,2022,"ResNet-50 — SimCLR Breast, Base + Scale",in-domain SimCLR; pathology augmentations; linear downstream classifier,PatchCamelyon20x; 256x256; same coordinates and WSI split as PCam,10 labeled training WSIs; validation 54 WSIs; test 129 WSIs; five runs,78.0,,0.842,,,,,,restricted-label,"primary paper full text, Table 6",Not pixel-identical to official PCam: resampled at 20x/0.5 µm per pixel.,5.0,0.074,pcam20x_resampled,Learning Representations with Contrastive Self-Supervised Learning for Histopathology Applications,https://doi.org/10.59275/j.melba.2022-f9a1,Table 6
stacke2022_simclr_breast_base_plus_scale_20,2022,"ResNet-50 — SimCLR Breast, Base + Scale",in-domain SimCLR; pathology augmentations; linear downstream classifier,PatchCamelyon20x; 256x256; same coordinates and WSI split as PCam,20 labeled training WSIs; validation 54 WSIs; test 129 WSIs; five runs,80.2,,0.884,,,,,,restricted-label,"primary paper full text, Table 6",Not pixel-identical to official PCam: resampled at 20x/0.5 µm per pixel.,1.8,0.031,pcam20x_resampled,Learning Representations with Contrastive Self-Supervised Learning for Histopathology Applications,https://doi.org/10.59275/j.melba.2022-f9a1,Table 6
stacke2022_simclr_breast_base_plus_scale_50,2022,"ResNet-50 — SimCLR Breast, Base + Scale",in-domain SimCLR; pathology augmentations; linear downstream classifier,PatchCamelyon20x; 256x256; same coordinates and WSI split as PCam,50 labeled training WSIs; validation 54 WSIs; test 129 WSIs; five runs,85.5,,0.929,,,,,,restricted-label,"primary paper full text, Table 6",Not pixel-identical to official PCam: resampled at 20x/0.5 µm per pixel.,1.8,0.019,pcam20x_resampled,Learning Representations with Contrastive Self-Supervised Learning for Histopathology Applications,https://doi.org/10.59275/j.melba.2022-f9a1,Table 6
stacke2022_simclr_breast_base_plus_scale_100,2022,"ResNet-50 — SimCLR Breast, Base + Scale",in-domain SimCLR; pathology augmentations; linear downstream classifier,PatchCamelyon20x; 256x256; same coordinates and WSI split as PCam,100 labeled training WSIs; validation 54 WSIs; test 129 WSIs; five runs,87.4,,0.944,,,,,,restricted-label,"primary paper full text, Table 6",Not pixel-identical to official PCam: resampled at 20x/0.5 µm per pixel.,0.8,0.01,pcam20x_resampled,Learning Representations with Contrastive Self-Supervised Learning for Histopathology Applications,https://doi.org/10.59275/j.melba.2022-f9a1,Table 6
stacke2022_simclr_breast_base_plus_scale_216,2022,"ResNet-50 — SimCLR Breast, Base + Scale",in-domain SimCLR; pathology augmentations; linear downstream classifier,PatchCamelyon20x; 256x256; same coordinates and WSI split as PCam,216 labeled training WSIs; validation 54 WSIs; test 129 WSIs; five runs,89.6,,0.957,,,,,,medium,"primary paper full text, Table 6",Not pixel-identical to official PCam: resampled at 20x/0.5 µm per pixel.,0.1,0.0,pcam20x_resampled,Learning Representations with Contrastive Self-Supervised Learning for Histopathology Applications,https://doi.org/10.59275/j.melba.2022-f9a1,Table 6
stacke2022_multidata_original_10,2022,"ResNet-50 — Multidata, Original",out-of-domain histopathology SimCLR; linear downstream classifier,PatchCamelyon20x; 256x256; same coordinates and WSI split as PCam,10 labeled training WSIs; validation 54 WSIs; test 129 WSIs; five runs,72.6,,0.82,,,,,,restricted-label,"primary paper full text, Table 6",Not pixel-identical to official PCam: resampled at 20x/0.5 µm per pixel.,2.9,0.041,pcam20x_resampled,Learning Representations with Contrastive Self-Supervised Learning for Histopathology Applications,https://doi.org/10.59275/j.melba.2022-f9a1,Table 6
stacke2022_multidata_original_20,2022,"ResNet-50 — Multidata, Original",out-of-domain histopathology SimCLR; linear downstream classifier,PatchCamelyon20x; 256x256; same coordinates and WSI split as PCam,20 labeled training WSIs; validation 54 WSIs; test 129 WSIs; five runs,73.6,,0.837,,,,,,restricted-label,"primary paper full text, Table 6",Not pixel-identical to official PCam: resampled at 20x/0.5 µm per pixel.,2.7,0.044,pcam20x_resampled,Learning Representations with Contrastive Self-Supervised Learning for Histopathology Applications,https://doi.org/10.59275/j.melba.2022-f9a1,Table 6
stacke2022_multidata_original_50,2022,"ResNet-50 — Multidata, Original",out-of-domain histopathology SimCLR; linear downstream classifier,PatchCamelyon20x; 256x256; same coordinates and WSI split as PCam,50 labeled training WSIs; validation 54 WSIs; test 129 WSIs; five runs,79.6,,0.888,,,,,,restricted-label,"primary paper full text, Table 6",Not pixel-identical to official PCam: resampled at 20x/0.5 µm per pixel.,2.4,0.021,pcam20x_resampled,Learning Representations with Contrastive Self-Supervised Learning for Histopathology Applications,https://doi.org/10.59275/j.melba.2022-f9a1,Table 6
stacke2022_multidata_original_100,2022,"ResNet-50 — Multidata, Original",out-of-domain histopathology SimCLR; linear downstream classifier,PatchCamelyon20x; 256x256; same coordinates and WSI split as PCam,100 labeled training WSIs; validation 54 WSIs; test 129 WSIs; five runs,82.3,,0.91,,,,,,restricted-label,"primary paper full text, Table 6",Not pixel-identical to official PCam: resampled at 20x/0.5 µm per pixel.,1.4,0.015,pcam20x_resampled,Learning Representations with Contrastive Self-Supervised Learning for Histopathology Applications,https://doi.org/10.59275/j.melba.2022-f9a1,Table 6
stacke2022_multidata_original_216,2022,"ResNet-50 — Multidata, Original",out-of-domain histopathology SimCLR; linear downstream classifier,PatchCamelyon20x; 256x256; same coordinates and WSI split as PCam,216 labeled training WSIs; validation 54 WSIs; test 129 WSIs; five runs,84.3,,0.921,,,,,,medium,"primary paper full text, Table 6",Not pixel-identical to official PCam: resampled at 20x/0.5 µm per pixel.,0.1,0.001,pcam20x_resampled,Learning Representations with Contrastive Self-Supervised Learning for Histopathology Applications,https://doi.org/10.59275/j.melba.2022-f9a1,Table 6
stacke2022_multidata_base_plus_scale_10,2022,"ResNet-50 — Multidata, Base + Scale",out-of-domain histopathology SimCLR; pathology augmentations; linear downstream classifier,PatchCamelyon20x; 256x256; same coordinates and WSI split as PCam,10 labeled training WSIs; validation 54 WSIs; test 129 WSIs; five runs,73.2,,0.827,,,,,,restricted-label,"primary paper full text, Table 6",Not pixel-identical to official PCam: resampled at 20x/0.5 µm per pixel.,3.2,0.047,pcam20x_resampled,Learning Representations with Contrastive Self-Supervised Learning for Histopathology Applications,https://doi.org/10.59275/j.melba.2022-f9a1,Table 6
stacke2022_multidata_base_plus_scale_20,2022,"ResNet-50 — Multidata, Base + Scale",out-of-domain histopathology SimCLR; pathology augmentations; linear downstream classifier,PatchCamelyon20x; 256x256; same coordinates and WSI split as PCam,20 labeled training WSIs; validation 54 WSIs; test 129 WSIs; five runs,73.4,,0.839,,,,,,restricted-label,"primary paper full text, Table 6",Not pixel-identical to official PCam: resampled at 20x/0.5 µm per pixel.,3.2,0.053,pcam20x_resampled,Learning Representations with Contrastive Self-Supervised Learning for Histopathology Applications,https://doi.org/10.59275/j.melba.2022-f9a1,Table 6
stacke2022_multidata_base_plus_scale_50,2022,"ResNet-50 — Multidata, Base + Scale",out-of-domain histopathology SimCLR; pathology augmentations; linear downstream classifier,PatchCamelyon20x; 256x256; same coordinates and WSI split as PCam,50 labeled training WSIs; validation 54 WSIs; test 129 WSIs; five runs,79.5,,0.892,,,,,,restricted-label,"primary paper full text, Table 6",Not pixel-identical to official PCam: resampled at 20x/0.5 µm per pixel.,1.6,0.015,pcam20x_resampled,Learning Representations with Contrastive Self-Supervised Learning for Histopathology Applications,https://doi.org/10.59275/j.melba.2022-f9a1,Table 6
stacke2022_multidata_base_plus_scale_100,2022,"ResNet-50 — Multidata, Base + Scale",out-of-domain histopathology SimCLR; pathology augmentations; linear downstream classifier,PatchCamelyon20x; 256x256; same coordinates and WSI split as PCam,100 labeled training WSIs; validation 54 WSIs; test 129 WSIs; five runs,81.8,,0.909,,,,,,restricted-label,"primary paper full text, Table 6",Not pixel-identical to official PCam: resampled at 20x/0.5 µm per pixel.,1.6,0.012,pcam20x_resampled,Learning Representations with Contrastive Self-Supervised Learning for Histopathology Applications,https://doi.org/10.59275/j.melba.2022-f9a1,Table 6
stacke2022_multidata_base_plus_scale_216,2022,"ResNet-50 — Multidata, Base + Scale",out-of-domain histopathology SimCLR; pathology augmentations; linear downstream classifier,PatchCamelyon20x; 256x256; same coordinates and WSI split as PCam,216 labeled training WSIs; validation 54 WSIs; test 129 WSIs; five runs,83.1,,0.909,,,,,,medium,"primary paper full text, Table 6",Not pixel-identical to official PCam: resampled at 20x/0.5 µm per pixel.,0.1,0.001,pcam20x_resampled,Learning Representations with Contrastive Self-Supervised Learning for Histopathology Applications,https://doi.org/10.59275/j.melba.2022-f9a1,Table 6
histokt2022_single_adp,2022,ResNet-18; source=ADP,single-stage source pretraining; all layers deep-tuned on labeled PCam,standardized/rescaled PCam; low-contrast patches filtered,2000 train / 400 validation / 32322 test; 250 epochs; 3 trials,76.37,,,,,,,,low,"primary paper full text, Table 2",Restricted and modified PCam protocol; not comparable with full official training split.,0.92,,histokt_2000_train_standardized,HistoKT: Cross Knowledge Transfer in Computational Pathology,https://arxiv.org/abs/2201.11246,Table 2
histokt2022_single_mhist,2022,ResNet-18; source=MHIST,single-stage source pretraining; all layers deep-tuned on labeled PCam,standardized/rescaled PCam; low-contrast patches filtered,2000 train / 400 validation / 32322 test; 250 epochs; 3 trials,77.68,,,,,,,,low,"primary paper full text, Table 2",Restricted and modified PCam protocol; not comparable with full official training split.,0.61,,histokt_2000_train_standardized,HistoKT: Cross Knowledge Transfer in Computational Pathology,https://arxiv.org/abs/2201.11246,Table 2
histokt2022_single_bach,2022,ResNet-18; source=BACH,single-stage source pretraining; all layers deep-tuned on labeled PCam,standardized/rescaled PCam; low-contrast patches filtered,2000 train / 400 validation / 32322 test; 250 epochs; 3 trials,79.36,,,,,,,,low,"primary paper full text, Table 2",Restricted and modified PCam protocol; not comparable with full official training split.,0.66,,histokt_2000_train_standardized,HistoKT: Cross Knowledge Transfer in Computational Pathology,https://arxiv.org/abs/2201.11246,Table 2
histokt2022_single_ajlymph,2022,ResNet-18; source=AJ-Lymph,single-stage source pretraining; all layers deep-tuned on labeled PCam,standardized/rescaled PCam; low-contrast patches filtered,2000 train / 400 validation / 32322 test; 250 epochs; 3 trials,78.34,,,,,,,,low,"primary paper full text, Table 2",Restricted and modified PCam protocol; not comparable with full official training split.,0.9,,histokt_2000_train_standardized,HistoKT: Cross Knowledge Transfer in Computational Pathology,https://arxiv.org/abs/2201.11246,Table 2
histokt2022_single_pcam,2022,ResNet-18; source=PCam,single-stage source pretraining; all layers deep-tuned on labeled PCam,standardized/rescaled PCam; low-contrast patches filtered,2000 train / 400 validation / 32322 test; 250 epochs; 3 trials,78.4,,,,,,,,low,"primary paper full text, Table 2",Restricted and modified PCam protocol; not comparable with full official training split.,1.39,,histokt_2000_train_standardized,HistoKT: Cross Knowledge Transfer in Computational Pathology,https://arxiv.org/abs/2201.11246,Table 2
histokt2022_single_crc,2022,ResNet-18; source=CRC,single-stage source pretraining; all layers deep-tuned on labeled PCam,standardized/rescaled PCam; low-contrast patches filtered,2000 train / 400 validation / 32322 test; 250 epochs; 3 trials,78.39,,,,,,,,low,"primary paper full text, Table 2",Restricted and modified PCam protocol; not comparable with full official training split.,2.34,,histokt_2000_train_standardized,HistoKT: Cross Knowledge Transfer in Computational Pathology,https://arxiv.org/abs/2201.11246,Table 2
histokt2022_single_glas,2022,ResNet-18; source=GlaS,single-stage source pretraining; all layers deep-tuned on labeled PCam,standardized/rescaled PCam; low-contrast patches filtered,2000 train / 400 validation / 32322 test; 250 epochs; 3 trials,76.66,,,,,,,,low,"primary paper full text, Table 2",Restricted and modified PCam protocol; not comparable with full official training split.,0.95,,histokt_2000_train_standardized,HistoKT: Cross Knowledge Transfer in Computational Pathology,https://arxiv.org/abs/2201.11246,Table 2
histokt2022_single_osteosarcoma,2022,ResNet-18; source=Osteosarcoma,single-stage source pretraining; all layers deep-tuned on labeled PCam,standardized/rescaled PCam; low-contrast patches filtered,2000 train / 400 validation / 32322 test; 250 epochs; 3 trials,77.67,,,,,,,,low,"primary paper full text, Table 2",Restricted and modified PCam protocol; not comparable with full official training split.,2.11,,histokt_2000_train_standardized,HistoKT: Cross Knowledge Transfer in Computational Pathology,https://arxiv.org/abs/2201.11246,Table 2
histokt2022_single_bcss,2022,ResNet-18; source=BCSS,single-stage source pretraining; all layers deep-tuned on labeled PCam,standardized/rescaled PCam; low-contrast patches filtered,2000 train / 400 validation / 32322 test; 250 epochs; 3 trials,78.52,,,,,,,,low,"primary paper full text, Table 2",Restricted and modified PCam protocol; not comparable with full official training split.,0.27,,histokt_2000_train_standardized,HistoKT: Cross Knowledge Transfer in Computational Pathology,https://arxiv.org/abs/2201.11246,Table 2
histokt2022_two_adp,2022,ResNet-18; source=ADP,ImageNet then source pretraining; all layers deep-tuned on labeled PCam,standardized/rescaled PCam; low-contrast patches filtered,2000 train / 400 validation / 32322 test; 250 epochs; 3 trials,77.36,,,,,,,,low,"primary paper full text, Table 3",Restricted and modified PCam protocol; not comparable with full official training split.,1.42,,histokt_2000_train_standardized,HistoKT: Cross Knowledge Transfer in Computational Pathology,https://arxiv.org/abs/2201.11246,Table 3
histokt2022_two_mhist,2022,ResNet-18; source=MHIST,ImageNet then source pretraining; all layers deep-tuned on labeled PCam,standardized/rescaled PCam; low-contrast patches filtered,2000 train / 400 validation / 32322 test; 250 epochs; 3 trials,82.57,,,,,,,,low,"primary paper full text, Table 3",Restricted and modified PCam protocol; not comparable with full official training split.,0.8,,histokt_2000_train_standardized,HistoKT: Cross Knowledge Transfer in Computational Pathology,https://arxiv.org/abs/2201.11246,Table 3
histokt2022_two_bach,2022,ResNet-18; source=BACH,ImageNet then source pretraining; all layers deep-tuned on labeled PCam,standardized/rescaled PCam; low-contrast patches filtered,2000 train / 400 validation / 32322 test; 250 epochs; 3 trials,81.63,,,,,,,,low,"primary paper full text, Table 3",Restricted and modified PCam protocol; not comparable with full official training split.,1.52,,histokt_2000_train_standardized,HistoKT: Cross Knowledge Transfer in Computational Pathology,https://arxiv.org/abs/2201.11246,Table 3
histokt2022_two_ajlymph,2022,ResNet-18; source=AJ-Lymph,ImageNet then source pretraining; all layers deep-tuned on labeled PCam,standardized/rescaled PCam; low-contrast patches filtered,2000 train / 400 validation / 32322 test; 250 epochs; 3 trials,80.0,,,,,,,,low,"primary paper full text, Table 3",Restricted and modified PCam protocol; not comparable with full official training split.,2.28,,histokt_2000_train_standardized,HistoKT: Cross Knowledge Transfer in Computational Pathology,https://arxiv.org/abs/2201.11246,Table 3
histokt2022_two_pcam,2022,ResNet-18; source=PCam,ImageNet then source pretraining; all layers deep-tuned on labeled PCam,standardized/rescaled PCam; low-contrast patches filtered,2000 train / 400 validation / 32322 test; 250 epochs; 3 trials,78.67,,,,,,,,low,"primary paper full text, Table 3",Restricted and modified PCam protocol; not comparable with full official training split.,2.57,,histokt_2000_train_standardized,HistoKT: Cross Knowledge Transfer in Computational Pathology,https://arxiv.org/abs/2201.11246,Table 3
histokt2022_two_crc,2022,ResNet-18; source=CRC,ImageNet then source pretraining; all layers deep-tuned on labeled PCam,standardized/rescaled PCam; low-contrast patches filtered,2000 train / 400 validation / 32322 test; 250 epochs; 3 trials,78.27,,,,,,,,low,"primary paper full text, Table 3",Restricted and modified PCam protocol; not comparable with full official training split.,1.37,,histokt_2000_train_standardized,HistoKT: Cross Knowledge Transfer in Computational Pathology,https://arxiv.org/abs/2201.11246,Table 3
histokt2022_two_glas,2022,ResNet-18; source=GlaS,ImageNet then source pretraining; all layers deep-tuned on labeled PCam,standardized/rescaled PCam; low-contrast patches filtered,2000 train / 400 validation / 32322 test; 250 epochs; 3 trials,84.4,,,,,,,,low,"primary paper full text, Table 3",Restricted and modified PCam protocol; not comparable with full official training split.,1.81,,histokt_2000_train_standardized,HistoKT: Cross Knowledge Transfer in Computational Pathology,https://arxiv.org/abs/2201.11246,Table 3
histokt2022_two_osteosarcoma,2022,ResNet-18; source=Osteosarcoma,ImageNet then source pretraining; all layers deep-tuned on labeled PCam,standardized/rescaled PCam; low-contrast patches filtered,2000 train / 400 validation / 32322 test; 250 epochs; 3 trials,78.86,,,,,,,,low,"primary paper full text, Table 3",Restricted and modified PCam protocol; not comparable with full official training split.,2.88,,histokt_2000_train_standardized,HistoKT: Cross Knowledge Transfer in Computational Pathology,https://arxiv.org/abs/2201.11246,Table 3
histokt2022_two_bcss,2022,ResNet-18; source=BCSS,ImageNet then source pretraining; all layers deep-tuned on labeled PCam,standardized/rescaled PCam; low-contrast patches filtered,2000 train / 400 validation / 32322 test; 250 epochs; 3 trials,78.16,,,,,,,,low,"primary paper full text, Table 3",Restricted and modified PCam protocol; not comparable with full official training split.,1.08,,histokt_2000_train_standardized,HistoKT: Cross Knowledge Transfer in Computational Pathology,https://arxiv.org/abs/2201.11246,Table 3
jaiswal2019_vgg16,2019,VGG16,ImageNet transfer; iterative pseudo-labeling; test-time augmentation,modified PCam/Kaggle with 498 outliers removed,authors' 51%/49% test partitions and their union; 10 fine-tuning rounds,,,.9745,,,,,,low,"primary full text, Tables 1–2",AUC on authors' 100% test data; not the official PCam test protocol.,,,modified_pcam_kaggle,Semi-Supervised Learning for Cancer Detection of Lymph Node Metastases,https://arxiv.org/abs/1906.09587,Tables 1–2
jaiswal2019_inceptionresnetv2,2019,InceptionResNetV2,ImageNet transfer; iterative pseudo-labeling; test-time augmentation,modified PCam/Kaggle with 498 outliers removed,authors' 51%/49% test partitions and their union; 10 fine-tuning rounds,,,.9766,,,,,,low,"primary full text, Tables 1–2",AUC on authors' 100% test data; not the official PCam test protocol.,,,modified_pcam_kaggle,Semi-Supervised Learning for Cancer Detection of Lymph Node Metastases,https://arxiv.org/abs/1906.09587,Tables 1–2
jaiswal2019_xception,2019,Xception,ImageNet transfer; iterative pseudo-labeling; test-time augmentation,modified PCam/Kaggle with 498 outliers removed,authors' 51%/49% test partitions and their union; 10 fine-tuning rounds,,,.9752,,,,,,low,"primary full text, Tables 1–2",AUC on authors' 100% test data; not the official PCam test protocol.,,,modified_pcam_kaggle,Semi-Supervised Learning for Cancer Detection of Lymph Node Metastases,https://arxiv.org/abs/1906.09587,Tables 1–2
jaiswal2019_inceptionv3,2019,InceptionV3,ImageNet transfer; iterative pseudo-labeling; test-time augmentation,modified PCam/Kaggle with 498 outliers removed,authors' 51%/49% test partitions and their union; 10 fine-tuning rounds,,,.9774,,,,,,low,"primary full text, Tables 1–2",AUC on authors' 100% test data; not the official PCam test protocol.,,,modified_pcam_kaggle,Semi-Supervised Learning for Cancer Detection of Lymph Node Metastases,https://arxiv.org/abs/1906.09587,Tables 1–2
jaiswal2019_seresnet101,2019,SE-ResNet101,ImageNet transfer; iterative pseudo-labeling; test-time augmentation,modified PCam/Kaggle with 498 outliers removed,authors' 51%/49% test partitions and their union; 10 fine-tuning rounds,,,.9783,,,,,,low,"primary full text, Tables 1–2",AUC on authors' 100% test data; not the official PCam test protocol.,,,modified_pcam_kaggle,Semi-Supervised Learning for Cancer Detection of Lymph Node Metastases,https://arxiv.org/abs/1906.09587,Tables 1–2
jaiswal2019_densenet201,2019,DenseNet201,ImageNet transfer; iterative pseudo-labeling; test-time augmentation,modified PCam/Kaggle with 498 outliers removed,authors' 51%/49% test partitions and their union; 10 fine-tuning rounds,,,.9794,,,,,,low,"primary full text, Tables 1–2",AUC on authors' 100% test data; not the official PCam test protocol.,,,modified_pcam_kaggle,Semi-Supervised Learning for Cancer Detection of Lymph Node Metastases,https://arxiv.org/abs/1906.09587,Tables 1–2
jaiswal2019_ensemble,2019,Ensemble of 7 SE-ResNet101 models,ImageNet transfer; iterative pseudo-labeling; test-time augmentation,modified PCam/Kaggle with 498 outliers removed,authors' 51%/49% test partitions and their union; 10 fine-tuning rounds,,,.9816,,,,,,low,"primary full text, Tables 1–2",AUC on authors' 100% test data; not the official PCam test protocol.,,,modified_pcam_kaggle,Semi-Supervised Learning for Cancer Detection of Lymph Node Metastases,https://arxiv.org/abs/1906.09587,Tables 1–2
selvan2020_rotationeq,2020,Rotation-equivariant CNN,supervised,modified PCam/Kaggle,about 220k train; 80:20 train/validation; about 57.5k Kaggle test,,,.963,,,,,,low,"primary full text, Table 1",Reported peak GPU memory: 11.0 GB.,,,modified_pcam_kaggle,Tensor Networks for Medical Image Classification,https://proceedings.mlr.press/v121/selvan20a.html,Table 1
selvan2020_densenet,2020,DenseNet,supervised,modified PCam/Kaggle,about 220k train; 80:20 train/validation; about 57.5k Kaggle test,,,.962,,,,,,low,"primary full text, Table 1",Reported peak GPU memory: 10.5 GB.,,,modified_pcam_kaggle,Tensor Networks for Medical Image Classification,https://proceedings.mlr.press/v121/selvan20a.html,Table 1
selvan2020_lotenet,2020,LoTeNet,supervised,modified PCam/Kaggle,about 220k train; 80:20 train/validation; about 57.5k Kaggle test,,,.943,,,,,,low,"primary full text, Table 1",Reported peak GPU memory: 0.8 GB.,,,modified_pcam_kaggle,Tensor Networks for Medical Image Classification,https://proceedings.mlr.press/v121/selvan20a.html,Table 1
selvan2020_tensornetx,2020,Tensor Net-X (bond dimension 10),supervised,modified PCam/Kaggle,about 220k train; 80:20 train/validation; about 57.5k Kaggle test,,,.908,,,,,,low,"primary full text, Table 1",Reported peak GPU memory: 5.2 GB.,,,modified_pcam_kaggle,Tensor Networks for Medical Image Classification,https://proceedings.mlr.press/v121/selvan20a.html,Table 1
shubin2021_baseline_22,2021,EfficientNet-B3 — Baseline,ImageNet initialization; limited-label training,modified PCam/Kaggle,22 labeled training samples; five runs,,,0.776,,,,,,restricted-label,"primary full text, Table 4",,,,extreme_limited_labels_kaggle,About Explicit Variance Minimization: Training Neural Networks for Medical Imaging With Limited Data Annotations,https://arxiv.org/abs/2107.02141,Table 4
shubin2021_baseline_44,2021,EfficientNet-B3 — Baseline,ImageNet initialization; limited-label training,modified PCam/Kaggle,44 labeled training samples; five runs,,,0.745,,,,,,restricted-label,"primary full text, Table 4",,,,extreme_limited_labels_kaggle,About Explicit Variance Minimization: Training Neural Networks for Medical Imaging With Limited Data Annotations,https://arxiv.org/abs/2107.02141,Table 4
shubin2021_baseline_83,2021,EfficientNet-B3 — Baseline,ImageNet initialization; limited-label training,modified PCam/Kaggle,83 labeled training samples; five runs,,,0.726,,,,,,restricted-label,"primary full text, Table 4",,,,extreme_limited_labels_kaggle,About Explicit Variance Minimization: Training Neural Networks for Medical Imaging With Limited Data Annotations,https://arxiv.org/abs/2107.02141,Table 4
shubin2021_simclr_22,2021,EfficientNet-B3 — SimCLR,ImageNet initialization; limited-label training,modified PCam/Kaggle,22 labeled training samples; five runs,,,0.781,,,,,,restricted-label,"primary full text, Table 4",,,,extreme_limited_labels_kaggle,About Explicit Variance Minimization: Training Neural Networks for Medical Imaging With Limited Data Annotations,https://arxiv.org/abs/2107.02141,Table 4
shubin2021_simclr_44,2021,EfficientNet-B3 — SimCLR,ImageNet initialization; limited-label training,modified PCam/Kaggle,44 labeled training samples; five runs,,,0.817,,,,,,restricted-label,"primary full text, Table 4",,,,extreme_limited_labels_kaggle,About Explicit Variance Minimization: Training Neural Networks for Medical Imaging With Limited Data Annotations,https://arxiv.org/abs/2107.02141,Table 4
shubin2021_simclr_83,2021,EfficientNet-B3 — SimCLR,ImageNet initialization; limited-label training,modified PCam/Kaggle,83 labeled training samples; five runs,,,0.86,,,,,,restricted-label,"primary full text, Table 4",,,,extreme_limited_labels_kaggle,About Explicit Variance Minimization: Training Neural Networks for Medical Imaging With Limited Data Annotations,https://arxiv.org/abs/2107.02141,Table 4
shubin2021_contrastive_predictive_coding_22,2021,EfficientNet-B3 — Contrastive Predictive Coding,ImageNet initialization; limited-label training,modified PCam/Kaggle,22 labeled training samples; five runs,,,0.706,,,,,,restricted-label,"primary full text, Table 4",,,,extreme_limited_labels_kaggle,About Explicit Variance Minimization: Training Neural Networks for Medical Imaging With Limited Data Annotations,https://arxiv.org/abs/2107.02141,Table 4
shubin2021_contrastive_predictive_coding_44,2021,EfficientNet-B3 — Contrastive Predictive Coding,ImageNet initialization; limited-label training,modified PCam/Kaggle,44 labeled training samples; five runs,,,0.794,,,,,,restricted-label,"primary full text, Table 4",,,,extreme_limited_labels_kaggle,About Explicit Variance Minimization: Training Neural Networks for Medical Imaging With Limited Data Annotations,https://arxiv.org/abs/2107.02141,Table 4
shubin2021_contrastive_predictive_coding_83,2021,EfficientNet-B3 — Contrastive Predictive Coding,ImageNet initialization; limited-label training,modified PCam/Kaggle,83 labeled training samples; five runs,,,0.814,,,,,,restricted-label,"primary full text, Table 4",,,,extreme_limited_labels_kaggle,About Explicit Variance Minimization: Training Neural Networks for Medical Imaging With Limited Data Annotations,https://arxiv.org/abs/2107.02141,Table 4
shubin2021_rotation_prediction_22,2021,EfficientNet-B3 — Rotation prediction,ImageNet initialization; limited-label training,modified PCam/Kaggle,22 labeled training samples; five runs,,,0.739,,,,,,restricted-label,"primary full text, Table 4",,,,extreme_limited_labels_kaggle,About Explicit Variance Minimization: Training Neural Networks for Medical Imaging With Limited Data Annotations,https://arxiv.org/abs/2107.02141,Table 4
shubin2021_rotation_prediction_44,2021,EfficientNet-B3 — Rotation prediction,ImageNet initialization; limited-label training,modified PCam/Kaggle,44 labeled training samples; five runs,,,0.76,,,,,,restricted-label,"primary full text, Table 4",,,,extreme_limited_labels_kaggle,About Explicit Variance Minimization: Training Neural Networks for Medical Imaging With Limited Data Annotations,https://arxiv.org/abs/2107.02141,Table 4
shubin2021_rotation_prediction_83,2021,EfficientNet-B3 — Rotation prediction,ImageNet initialization; limited-label training,modified PCam/Kaggle,83 labeled training samples; five runs,,,0.824,,,,,,restricted-label,"primary full text, Table 4",,,,extreme_limited_labels_kaggle,About Explicit Variance Minimization: Training Neural Networks for Medical Imaging With Limited Data Annotations,https://arxiv.org/abs/2107.02141,Table 4
shubin2021_vat_early_aggregation_22,2021,EfficientNet-B3 — VAT early aggregation,ImageNet initialization; limited-label training,modified PCam/Kaggle,22 labeled training samples; five runs,,,0.806,,,,,,restricted-label,"primary full text, Table 4",,,,extreme_limited_labels_kaggle,About Explicit Variance Minimization: Training Neural Networks for Medical Imaging With Limited Data Annotations,https://arxiv.org/abs/2107.02141,Table 4
shubin2021_vat_early_aggregation_44,2021,EfficientNet-B3 — VAT early aggregation,ImageNet initialization; limited-label training,modified PCam/Kaggle,44 labeled training samples; five runs,,,0.809,,,,,,restricted-label,"primary full text, Table 4",,,,extreme_limited_labels_kaggle,About Explicit Variance Minimization: Training Neural Networks for Medical Imaging With Limited Data Annotations,https://arxiv.org/abs/2107.02141,Table 4
shubin2021_vat_early_aggregation_83,2021,EfficientNet-B3 — VAT early aggregation,ImageNet initialization; limited-label training,modified PCam/Kaggle,83 labeled training samples; five runs,,,0.833,,,,,,restricted-label,"primary full text, Table 4",,,,extreme_limited_labels_kaggle,About Explicit Variance Minimization: Training Neural Networks for Medical Imaging With Limited Data Annotations,https://arxiv.org/abs/2107.02141,Table 4
shubin2021_vat_late_aggregation_22,2021,EfficientNet-B3 — VAT late aggregation,ImageNet initialization; limited-label training,modified PCam/Kaggle,22 labeled training samples; five runs,,,0.796,,,,,,restricted-label,"primary full text, Table 4",,,,extreme_limited_labels_kaggle,About Explicit Variance Minimization: Training Neural Networks for Medical Imaging With Limited Data Annotations,https://arxiv.org/abs/2107.02141,Table 4
shubin2021_vat_late_aggregation_44,2021,EfficientNet-B3 — VAT late aggregation,ImageNet initialization; limited-label training,modified PCam/Kaggle,44 labeled training samples; five runs,,,0.777,,,,,,restricted-label,"primary full text, Table 4",,,,extreme_limited_labels_kaggle,About Explicit Variance Minimization: Training Neural Networks for Medical Imaging With Limited Data Annotations,https://arxiv.org/abs/2107.02141,Table 4
shubin2021_vat_late_aggregation_83,2021,EfficientNet-B3 — VAT late aggregation,ImageNet initialization; limited-label training,modified PCam/Kaggle,83 labeled training samples; five runs,,,0.822,,,,,,restricted-label,"primary full text, Table 4",,,,extreme_limited_labels_kaggle,About Explicit Variance Minimization: Training Neural Networks for Medical Imaging With Limited Data Annotations,https://arxiv.org/abs/2107.02141,Table 4
shubin2021_upper_bound,2021,EfficientNet-B3 supervised upper bound,ImageNet initialization; supervised,modified PCam/Kaggle,140816 labeled training samples; five runs,,,.989,,,,,,low,"primary full text, Table 4",,,,modified_pcam_kaggle,About Explicit Variance Minimization: Training Neural Networks for Medical Imaging With Limited Data Annotations,https://arxiv.org/abs/2107.02141,Table 4
rotaflip2021_baseline,2021,DenseNet-121 baseline,supervised scratch,official PCam images and WSI-disjoint splits,accuracy averaged over validation+test and eight transformed versions,82.76,,,,,,,,medium,"primary full text, Table 1",Nonstandard aggregate of validation and test predictions; do not rank against official test-only results.,,,official_images_nonstandard_evaluation,Rotaflip: A New CNN Layer for Regularization and Rotational Invariance in Medical Images,https://doi.org/10.1007/978-3-030-80432-9_24,Table 1
rotaflip2021_rotaflip5,2021,DenseNet-121 + Rotaflip 5%,supervised scratch,official PCam images and WSI-disjoint splits,accuracy averaged over validation+test and eight transformed versions,86.10,,,,,,,,medium,"primary full text, Table 1",Nonstandard aggregate of validation and test predictions; do not rank against official test-only results.,,,official_images_nonstandard_evaluation,Rotaflip: A New CNN Layer for Regularization and Rotational Invariance in Medical Images,https://doi.org/10.1007/978-3-030-80432-9_24,Table 1
rotaflip2021_augmentation,2021,DenseNet-121 + augmentation,supervised scratch,official PCam images and WSI-disjoint splits,accuracy averaged over validation+test and eight transformed versions,84.43,,,,,,,,medium,"primary full text, Table 1",Nonstandard aggregate of validation and test predictions; do not rank against official test-only results.,,,official_images_nonstandard_evaluation,Rotaflip: A New CNN Layer for Regularization and Rotational Invariance in Medical Images,https://doi.org/10.1007/978-3-030-80432-9_24,Table 1
rotaflip2021_rotaflip10_aug,2021,DenseNet-121 + Rotaflip 10% + augmentation,supervised scratch,official PCam images and WSI-disjoint splits,accuracy averaged over validation+test and eight transformed versions,85.42,,,,,,,,medium,"primary full text, Table 1",Nonstandard aggregate of validation and test predictions; do not rank against official test-only results.,,,official_images_nonstandard_evaluation,Rotaflip: A New CNN Layer for Regularization and Rotational Invariance in Medical Images,https://doi.org/10.1007/978-3-030-80432-9_24,Table 1
