experiment,run_name,model,family,regime,implementation_note,metrics_source,parameters,trainable_parameters,fast_mode,compile_enabled,epochs_completed,best_auc_epoch,best_validation_auc,validation_nll_at_best_auc,minimum_validation_nll,minimum_nll_epoch,final_validation_auc,final_validation_nll,final_train_loss,post_peak_auc_change,post_peak_nll_change,corrected_evaluation,test_accuracy,test_balanced_accuracy,test_auc_roc,test_average_precision,test_f1,test_precision,test_sensitivity,test_specificity,test_nll,test_brier,test_ece,test_tp,test_tn,test_fp,test_fn
e00,e00-smallcnn-control,SmallCNN,CNN,"scratch, 100%",,test_predictions.csv (tie-aware ranking metrics),1173473,1173473,False,False,44,24,0.9690953790607809,0.27661784165877557,0.2719666192916567,9,0.9600064476591197,0.4873214794346358,0.060418871559249965,-0.009088931401661227,0.2107036377758602,False,0.896759033203125,0.89669884837136,0.9608288991693493,0.9648304581920046,0.8893974564357406,0.9566746377830918,0.8309609627955281,0.9624367339471919,0.3301706812118239,0.08328799343915082,0.059411530665118076,13602,15783,616,2767
e01,e01-resnet18-scratch,ResNet-18 (scratch),CNN,"scratch, 100%",,test_predictions.csv (tie-aware ranking metrics),11177025,11177025,False,False,33,13,0.9536683325832647,0.3824000314816771,0.3305016054992272,7,0.9411471527673695,0.5496126617802959,0.06205209923518851,-0.012521179815895178,0.16721263029861877,False,0.872100830078125,0.8720226314108523,0.9525378656425318,0.9566209557165988,0.8600340647229735,0.9485781641373213,0.7866088337711528,0.9574364290505518,0.36252630973060684,0.10042453922548833,0.06684543754332382,12876,15701,698,3493
e02,e02-resnet18-imagenet,ResNet-18 (ImageNet),CNN,"ImageNet, 100%",,test_predictions.csv (tie-aware ranking metrics),11177025,11177025,False,False,24,9,0.9539550440154864,0.3726964929749962,0.3726964929749962,9,0.9256535632797502,0.9740011829758407,0.028861842782021085,-0.02830148073573613,0.6013046900008445,False,0.887603759765625,0.8875383145962685,0.9574126057991248,0.9609473881661381,0.8788446988387775,0.9521026372059872,0.8160547376137821,0.9590218915787548,0.33843078945104116,0.0889495706335362,0.060652788509378885,13358,15727,672,3011
e03,e03-resnet50-scratch,ResNet-50 (scratch),CNN,"scratch, 100%",,test_predictions.csv (tie-aware ranking metrics),23510081,23510081,False,False,37,17,0.9614998329933427,0.3070187353891707,0.29386925655067997,12,0.944934322691641,0.5177166628049169,0.057615942292557065,-0.016565510301701725,0.21069792741574622,False,0.892608642578125,0.8925513041170069,0.9605577965285786,0.9643659050726388,0.885333507119815,0.9486731843575419,0.8299224143197508,0.955180193914263,0.29561813816263144,0.08318984871592501,0.044858165198528824,13585,15664,735,2784
e04,e04-resnet50-imagenet,ResNet-50 (ImageNet),CNN,"ImageNet, 100%",,test_predictions.csv (tie-aware ranking metrics),23510081,23510081,False,False,18,3,0.9590904377230683,0.3221483797260908,0.3221483797260908,3,0.9321385703041775,0.9068289206422177,0.023202527710662224,-0.026951867418890885,0.5846805409161269,False,0.88543701171875,0.8853688545822809,0.951645730511432,0.9575398489362779,0.8761137878687875,0.9527022177564056,0.8109230863217056,0.9598146228428562,0.35856182325035624,0.09360734565639524,0.060797535093938204,13274,15740,659,3095
e05,e05-densenet121-scratch,DenseNet-121 (scratch),CNN,"scratch, 100%",,test_predictions.csv (tie-aware ranking metrics),6954881,6954881,False,False,44,24,0.9563946402197233,0.41564130147739076,0.3604560180218819,9,0.9487142804525783,0.4688661563385433,0.06889665154449176,-0.007680359767144984,0.053224854861152526,False,0.872650146484375,0.8725611076736794,0.9460678374963382,0.9539983320853742,0.8588056166469296,0.9624601850447444,0.7753069827112224,0.9698152326361363,0.43222928660613075,0.1060831156042536,0.07864788522321711,12691,15904,495,3678
e06,e06-densenet121-imagenet,DenseNet-121 (ImageNet),CNN,"ImageNet, 100%",,test_predictions.csv (tie-aware ranking metrics),6954881,6954881,False,False,24,9,0.9618832418034928,0.3805539727636204,0.3214031485525075,1,0.9250909642482447,0.7387902857924216,0.03458684486265895,-0.036792277555248165,0.35823631302880116,False,0.909698486328125,0.9096425591765933,0.9680602431802254,0.9712461659279579,0.903737922508865,0.9665970772442589,0.8485551957969333,0.9707299225562535,0.3046014888356191,0.07519720803291008,0.05459097258457202,13890,15919,480,2479
e07,e07-gdensenet-d4,G-DenseNet D4,equivariant,"scratch, 100%",native D4 reconstruction,test_predictions.csv (tie-aware ranking metrics),255027,255027,True,False,79,59,0.9566394477163738,0.5323634743567396,0.3552242107665013,10,0.9340486052199515,0.8186749893411743,0.011196772539351585,-0.022590842496422292,0.28631151498443475,False,0.9007568359375,0.9006955089289304,0.9622704703765207,0.9659194668361346,0.893537615399725,0.9626155039853284,0.8337100617019977,0.9676809561558631,0.4664898284605493,0.08522363499961381,0.07606904244341942,13647,15869,530,2722
e08,e08-partial-se2-c16,C16 with orientation gating,equivariant,"scratch, 100%",relative-orientation gates; not the published partial-equivariance mechanism,test_predictions.csv (tie-aware ranking metrics),127277,127277,True,False,25,5,0.895876442633367,0.43714250854416775,0.43714250854416775,5,0.8164652008816408,0.9508677246332804,0.27054011228892705,-0.0794112417517262,0.5137252160891126,True,0.835662841796875,0.8356350158075935,0.9138842937498022,0.9095484822225046,0.8303776734809588,0.8571335674339966,0.8052416152483353,0.8660284163668517,0.3989788257314374,0.11773134622774059,0.02288417903778651,13181,14202,2197,3188
e09,e09-inception-supervised-5pct,Inception-v3,label-efficient,"ImageNet, 5%",,test_predictions.csv (tie-aware ranking metrics),21787617,21787617,True,False,26,11,0.9363555121474717,0.3722791518289499,0.36267120733148805,9,0.9215793708614601,0.5777195268921992,0.07526895684651351,-0.014776141286011568,0.2054403750632493,False,0.866729736328125,0.8667026628110526,0.9423428476867852,0.9445986877651018,0.8625562584584395,0.8895741365878993,0.837131162563382,0.8962741630587231,0.360093878851861,0.10066751949243222,0.06105559943591126,13703,14698,1701,2666
e10,e10-mean-teacher-5pct,Mean Teacher / Inception-v3,semi-supervised,"ImageNet, 5%",,test_predictions.csv (tie-aware ranking metrics),21787617,21787617,True,False,40,20,0.9338866910355086,0.7559247030315528,0.33701030673070415,1,0.9207536712919544,0.8015596165929327,0.028095898676816944,-0.013133019743554186,0.04563491356137994,False,0.85247802734375,0.852384193936153,0.9348126587750324,0.9409360365074975,0.8354887013340593,0.9431425278524779,0.7498930905980817,0.954875297274224,0.680961885018811,0.128792444931407,0.11733543409479065,12275,15659,740,4094
e11a,e11a-simclr-resnet50-linear-probe,SimCLR linear probe,self-supervised,"PCam SSL, linear",,test_predictions.csv (tie-aware ranking metrics),23510081,2049,True,False,13,3,0.9115111833961606,0.41902377772787286,0.4038867012163577,2,0.9012547644283007,0.477360673911125,0.22627823015864124,-0.010256418967859893,0.05833689618325216,False,0.819488525390625,0.8194100591065858,0.9116766830058906,0.9134595121157429,0.8024052112911308,0.8853014890166593,0.7337039525933167,0.9051161656198549,0.41089380194260916,0.12967890636549534,0.049028510604573736,12010,14843,1556,4359
e11b,e11b-simclr-resnet50-finetune,SimCLR fine-tuning,self-supervised,"PCam SSL, fine-tuning",,test_predictions.csv (tie-aware ranking metrics),23510081,23510081,True,False,24,9,0.9553682461866888,0.4533023699445413,0.3779557816166347,1,0.9382600056929151,0.9001956023496249,0.026310069647387024,-0.017108240493773685,0.4468932324050836,False,0.88134765625,0.8812689344790214,0.9542291805206449,0.9580259013650582,0.8700708461435637,0.9603836222796016,0.7952837680982344,0.9672541008598086,0.4355441667530037,0.09928516186886538,0.07601354114368966,13018,15862,537,3351
e12,e12-vit-small-16,ViT-S/16,transformer,"scratch, 100%",,test_predictions.csv (tie-aware ranking metrics),14506753,14506753,True,False,46,21,0.9147115492107939,0.5102112055356749,0.40510566682958543,14,0.8640301482285457,0.9458225862008802,0.10675966553208127,-0.05068140098224816,0.4356113806652053,False,0.798370361328125,0.7982511971388733,0.9088098573767316,0.9082011708199027,0.7680044945398363,0.9030553261767135,0.6680921253589102,0.9284102689188365,0.5156807010466293,0.15198964995906758,0.10141216364759029,10936,15225,1174,5433
e13,e13-local-global-vit,Local-Global ViT,transformer,"scratch, 100%",simplified reconstruction,test_predictions.csv (tie-aware ranking metrics),4401281,4401281,True,True,44,19,0.9553487889919082,0.36743843372554863,0.3286109907281937,14,0.943931912081926,0.6411857277127673,0.06818053121037337,-0.011416876909982276,0.27374729398721864,False,0.890045166015625,0.8900068802816721,0.9545571590787202,0.9571569265943228,0.8851487042172708,0.925476603119584,0.8481886492760706,0.9318251112872736,0.3654056454158506,0.09036147331320885,0.06744525275053923,13884,15281,1118,2485
e14,e14-resnet18-noise20-sce,ResNet-18 + SCE,noise robust,"scratch, 20% label noise",,test_predictions.csv (tie-aware ranking metrics),11177025,11177025,True,False,40,20,0.9509791474714064,0.3499628027519874,0.33056722141377526,19,0.9252066941377819,0.4292272627513364,3.009499308944214,-0.025772453333624545,0.079264459999349,False,0.894927978515625,0.8949009286340659,0.9578063078463795,0.9591128333244834,0.8916375538979636,0.9195663464035315,0.8653552446698026,0.9244466125983292,0.2984606744844691,0.08572802983025651,0.05369095727340699,14165,15160,1239,2204
e15,e15-lotenet,LoTeNet,tensor network,"scratch, 100%",reconstruction,test_predictions.csv (tie-aware ranking metrics),28997,28997,True,False,33,13,0.8985114433879432,0.4494001479555953,0.4305766660814389,4,0.8765273855993222,0.4890615659153374,0.3117385950554308,-0.021984057788621003,0.039661417959742096,False,0.7967529296875,0.7966391006253573,0.9033215166901843,0.9031690212036397,0.7677014300662715,0.8946427119746362,0.6723074103488301,0.9209707909018843,0.4407032752973709,0.13859075229547413,0.042609884749907234,11005,15103,1296,5364
e16,e16-multiscale-attention,Multi-scale attention,multi-scale,"ImageNet, 100%",MMSEN-inspired,test_predictions.csv (tie-aware ranking metrics),11308995,11308995,True,False,24,9,0.9609442375088768,0.4673430332052933,0.33415036709710916,3,0.9358873864951802,0.8002009439137865,0.03995319356467064,-0.02505685101369659,0.3328579107084932,False,0.87432861328125,0.8742311660275324,0.9605702874374191,0.9646971570935642,0.8592329254119094,0.9753977493209158,0.767792779033539,0.9806695530215257,0.4133813089336831,0.10340134481758612,0.0799584091637574,12568,16082,317,3801
e17,e17-pcam-d4loc-s17,PCam-D4Loc,equivariant and explainable,"scratch, 100%",proposed center-aware D4 architecture,test_predictions.csv (tie-aware ranking metrics),42151,42151,True,True,45,25,0.9606634548772472,0.336518775981315,0.2992145185636803,23,0.9394296651037544,0.6366320045380204,0.09428969090413375,-0.021233789773492884,0.30011322855670536,False,0.87982177734375,0.8797537831388459,0.9494194765365952,0.9554935859288767,0.8700673089613303,0.9459071669416744,0.805485979595577,0.9540215866821148,0.3675543751789906,0.09828008237303162,0.06937597157267235,13185,15645,754,3184
